{"cameraMode":{"drawMode":0,"name":"Shaded","section":"Shading Mode"},"sceneLighting":true,"audioPlay":false,"sceneViewState":{"m_AlwaysRefresh":false,"showFog":true,"showSkybox":true,"showFlares":true,"showImageEffects":true,"showParticleSystems":true,"showVisualEffectGraphs":true,"m_FxEnabled":true},"in2DMode":false,"pivot":{"x":-2.3308420181274416,"y":-1.7794450521469117,"z":0.5758395195007324},"rotation":{"x":0.11933901906013489,"y":0.8727338314056397,"z":-0.3916375935077667,"w":0.2659604847431183},"size":2.5509023666381838,"orthographic":false}