{"cameraMode":{"drawMode":0,"name":"Shaded","section":"Shading Mode"},"sceneLighting":true,"audioPlay":false,"sceneViewState":{"m_AlwaysRefresh":false,"showFog":true,"showSkybox":true,"showFlares":true,"showImageEffects":true,"showParticleSystems":true,"showVisualEffectGraphs":true,"m_FxEnabled":true},"in2DMode":false,"pivot":{"x":0.31818556785583498,"y":0.6141321659088135,"z":-0.7514626979827881},"rotation":{"x":-0.18393296003341676,"y":-0.34760069847106936,"z":0.06973657011985779,"w":-0.9167789220809937},"size":4.7505784034729,"orthographic":false}