{"cameraMode":{"drawMode":0,"name":"Shaded","section":"Shading Mode"},"sceneLighting":true,"audioPlay":false,"sceneViewState":{"m_AlwaysRefresh":false,"showFog":true,"showSkybox":true,"showFlares":true,"showImageEffects":true,"showParticleSystems":true,"showVisualEffectGraphs":true,"m_FxEnabled":true},"in2DMode":false,"pivot":{"x":-3.673382520675659,"y":0.26515674591064455,"z":4.741587162017822},"rotation":{"x":-0.08037319779396057,"y":0.22000934183597566,"z":-0.018193913623690606,"w":-0.9720165133476257},"size":5.158792972564697,"orthographic":false}