{"cameraMode":{"drawMode":0,"name":"Shaded","section":"Shading Mode"},"sceneLighting":true,"audioPlay":false,"sceneViewState":{"m_AlwaysRefresh":false,"showFog":true,"showSkybox":true,"showFlares":true,"showImageEffects":true,"showParticleSystems":true,"showVisualEffectGraphs":true,"m_FxEnabled":true},"in2DMode":false,"pivot":{"x":1.7756160497665406,"y":0.10851871967315674,"z":-1.291043758392334},"rotation":{"x":0.08343919366598129,"y":0.1044376865029335,"z":-0.008793460205197335,"w":0.9909865260124207},"size":2.981444835662842,"orthographic":false}